petrzdansky (PetrŽdánský);Filip743 (FilipPaluch);VojtechBuba (VojtěchBuba);dominikjasek (DominikJašek);Spilky (DavidSpilka);AdamAbrahaam (AdamAbrahám);zipper (RadekŠerý);janvacek (HonzaVacek);jankaderabek (HonzaKadeřábek);premyslposker (PřemyslPosker);
